Cards,high card,pair,two pair,three of a kind,straight,flush,full house,four of a kind,straight flush
Kc Jc 0c 7c,967,2428,1121,195,539,4618,53,5,74
Kc 0c 9d 7c,2079,4126,1494,272,930,1023,74,1,1
0c 8c 7c 6s,1537,3400,1337,203,2395,1005,65,6,52
As Ah Ks 5h,0,4316,4089,788,67,170,542,27,1
As Ah Kh 5d,0,4204,4255,780,90,109,537,25,0
As Jh 0d 6c,2717,4908,1558,286,470,0,59,2,0
Kh 8c 7c 6s,2356,4539,1538,286,1110,108,57,2,4
As Jh 0d 2d,2691,4777,1571,272,551,80,55,3,0
Kc 0c 8s 7c,2137,4261,1480,247,747,1068,51,5,4
As Ah Kh 0s,0,4045,4033,792,397,186,512,34,1
As Qs Js 4c,2370,4344,1499,277,363,1057,63,4,23
8c 7c 6s 4c,1552,3360,1337,233,2385,1032,72,4,25
As Ah Kh 9d,0,4363,4148,833,26,104,508,17,1
Kc Qs 0c 4c,2301,4202,1418,274,673,1056,71,4,1
0c 7c 4c 3h,2265,4426,1416,283,470,1084,54,0,2
Ks Qs Js 4c,2270,4234,1422,248,693,1018,60,4,51
As 0d 8s 8c,0,4252,4110,807,163,87,561,20,0
Ks 8s 7c 6s,2086,4113,1491,236,980,1031,60,3,0
Kc Js 0c 4c,2109,4298,1558,255,670,1037,70,3,0
8s 8c 7d 7c,0,0,7428,0,160,97,2256,58,1
8s 8h 8c 6s,0,0,0,5848,116,90,3312,631,3
As Ad Jh 8c,0,4369,4136,823,91,0,557,24,0
As Ks Qs 3c,2379,4439,1499,239,364,982,63,4,31
As Ah Ks 6s,0,3760,3758,819,30,1082,528,22,1
Ah Ks Kh 5s,0,4183,4155,817,78,203,535,29,0
Jh 0d 8c 3d,2522,4661,1537,298,819,91,71,1,0
Ks Qs Js 9s,826,2068,1005,167,1192,4050,65,5,622
Qs 8s 7c 6s,1990,4056,1529,259,929,1166,67,3,1
9c 8s 8c 7c,0,3067,3614,721,953,988,559,29,69
As Ks Qs 2s,1176,2535,1095,175,193,4732,62,2,30
Ah Ks Kh 7c,0,4355,4110,855,36,88,528,28,0
Jh 0d 8c 6c,2465,4749,1534,262,818,88,80,3,1
As Ah Kh 2s,0,4282,4107,802,77,173,530,29,0
8s 7c 6s 3s,2024,4196,1489,244,961,1025,57,4,0
Ah Ks Kh 8s,0,4275,4108,810,28,177,578,24,0
As Jh 0h 8c,2350,4540,1602,273,1087,64,75,5,4
As 0d 8c 6d,2655,4892,1553,263,476,93,66,2,0
Ah Kc 0c 7c,2296,4348,1483,249,395,1159,62,4,4
Qd 0c 7c 4c,2458,4512,1436,259,190,1082,57,5,1
As Jh 8c 6c,2843,4948,1588,276,189,95,59,1,1
Kc Qd 7c 4c,2446,4575,1533,237,122,1027,58,1,1
Ks Qs Js 4h,2243,4224,1518,252,647,1012,58,2,44
0c 7c 4c 2c,1246,2625,1113,196,75,4666,72,3,4
As Qs Jh 0d,1867,3635,1381,251,2693,115,55,2,1
As Ah Ks 4d,0,4285,4173,828,70,98,522,23,1
0c 7c 6s 4c,2047,4134,1465,270,981,1033,65,5,0
Kd Kc 7c 4c,0,3775,3778,787,59,1069,507,24,1
0c 8s 8c 6s,0,3994,3980,792,487,194,519,32,2
As Kc Jh 0d,1985,3961,1375,250,2368,0,59,2,0
Jd 8c 7c 6s,2363,4585,1508,255,1130,92,66,1,0
As Kc 0c 4c,2435,4287,1453,258,389,1090,85,3,0
As Qs Js 7s,1205,2562,1087,193,195,4661,70,5,22
Ac Kc 0c 4c,1167,2593,1049,176,207,4714,60,4,30
As Qs Js 8c,2321,4179,1501,240,616,1050,55,6,32
8s 8c 6s 4d,0,4123,3924,809,473,89,545,33,4
Ks Qs Js 9d,1692,3515,1357,216,2041,1067,56,2,54
8s 8c 6s 3c,0,4228,4044,842,142,183,528,31,2
As Ks Js 4h,2414,4382,1538,244,353,971,59,7,32
As Ks Qs 8h,2431,4393,1506,244,350,995,60,1,20
As Jh 0d 7h,2509,4697,1552,270,822,91,52,6,1
Ks Qs Js 8c,2202,4278,1493,255,660,989,70,2,51
Ah Kc 7c 4c,2410,4525,1510,249,138,1108,58,2,0
As Ks Kh Qh,0,4040,3998,827,365,183,554,30,3
8s 8c 7h 7c,0,0,7404,0,140,96,2306,52,2
As Qs Jh 8c,2588,4668,1546,264,774,102,55,2,1
8s 8c 7c 3d,0,4177,4252,801,126,95,520,26,3
Jh Jc 0d 8c,0,3788,3954,826,784,86,530,32,0
As Jh 0d 8d,2428,4503,1552,248,1097,108,61,2,1
Kc 7c 5h 4c,2120,4181,1557,266,717,1097,54,5,3
Kc 7d 7c 4c,0,3696,3881,759,61,1049,521,33,0
Ah Jh 0d 8c,2376,4511,1547,282,1131,94,59,0,0
8s 8c 6s 5s,0,3299,3661,728,687,980,556,36,53
8s 8c 7c 6s,0,3573,3864,725,1067,203,531,34,3
As Qs Js 6s,1189,2535,1085,183,199,4705,69,3,32
Kc 0c 7c 4s,2413,4529,1509,240,188,1042,74,1,4
As Ah Ks Kh,0,0,7370,0,38,209,2339,44,0
As Ah Ks 0d,0,4076,4074,776,396,95,558,24,1
Ks Qs Js 7d,2238,4278,1472,246,683,976,53,1,53
Kc Qc 0c 7c,1135,2473,1061,196,367,4631,62,7,68
Jh 0d 8c 7s,1967,3898,1352,236,2474,0,72,1,0
Ah Ks Kh Jd,0,4059,4069,817,404,82,546,21,2
Kc 0c 5d 4c,2400,4505,1515,259,195,1048,74,4,0
Kc 0c 4c 2d,2495,4516,1476,263,130,1063,54,3,0
Ah Ks Kh Qd,0,4098,4008,793,426,80,569,26,0
9s 8s 8c 7c,0,3564,3836,765,1112,190,509,21,3
As Jc 0d 8c,2350,4619,1563,261,1044,101,60,2,0
As Kc Jh 8c,2777,4785,1539,256,488,94,56,5,0
As Ks Js 5s,1164,2544,1102,157,201,4742,72,0,18
As Jh 0d 6d,2702,4912,1508,254,454,99,66,4,1
As Ks Qs 7s,1231,2509,1079,199,191,4693,76,2,20
Kc Jh 7c 4c,2458,4544,1486,237,139,1061,72,2,1
As Ks Kc Js,0,3491,3726,766,359,1020,561,46,31
Qc 8c 7c 6s,2027,4123,1470,264,971,1075,65,3,2
As Jh 8c 2c,2970,4897,1577,265,120,95,74,2,0
As Jh 0d 9d,2384,4520,1515,269,1146,100,65,1,0
Qs 0c 7c 4c,2339,4564,1497,251,199,1100,49,1,0
As Ks Kh Kc,0,0,0,5926,34,96,3306,636,2
9h 8s 8c 6s,0,3856,3967,756,752,99,543,27,0
0h 8s 8c 7c,0,3765,3992,818,746,90,551,37,1
As Jh 0d 4h,2713,4777,1548,275,514,115,57,1,0
As Ks Qs 5h,2364,4382,1489,250,382,1054,50,6,23
As Ks Js 8d,2345,4311,1542,264,414,1029,65,1,29
As Ah Ks 0c,0,4116,4048,790,387,117,518,23,1
8s 8c 7s 6s,0,3064,3603,757,987,984,512,20,73
Jh 0d 9h 8c,1276,2837,1244,227,4257,93,60,3,3
As Qs Js 5s,1181,2512,1104,209,231,4654,71,3,35
8s 8c 7d 6s,0,3520,3903,821,1086,92,546,28,4
As Ks Kh 3d,0,4298,4103,881,71,91,531,24,1
Kc 7c 4s 4c,0,3743,3794,782,56,1054,544,26,1
Jh 0d 8c 4d,2481,4703,1566,278,831,81,58,2,0
As 0d 8c 5h,2832,5081,1553,245,224,0,64,1,0
As Ks Kh 3c,0,4358,4105,814,79,101,518,25,0
As Ks Js 4c,2360,4410,1553,269,345,976,57,2,28
As 0d 0c 8c,0,4229,4092,854,136,107,547,35,0
Kc 0c 4c 3s,2403,4540,1490,254,164,1079,68,1,1
Kc Jd 0c 4c,2154,4258,1528,242,686,1078,51,2,1
As Ah Ks 7h,0,4331,4042,826,34,208,539,20,0
8s 8c 7c 6d,0,3644,3846,767,1093,101,520,27,2
Jh 0d 8c 3h,2498,4700,1487,262,891,104,55,3,0
Kc 7c 4c 2s,2528,4458,1511,275,100,1056,69,3,0
8s 8h 8c 7c,0,0,0,5812,139,100,3288,657,4
Ah Ks Kh 4h,0,3676,3755,826,73,1124,510,36,0
Jh 0s 0d 8c,0,3848,4015,759,787,0,560,31,0
Kc 0s 0c 4c,0,3643,3879,776,68,1058,544,31,1
As Ks Kh 4d,0,4328,4128,822,61,84,556,20,1
8s 8c 6s 6d,0,0,7419,0,115,94,2315,56,1
As Ks Kh Jc,0,4098,3988,838,402,84,563,27,0
As Ks Qs 6s,1168,2565,1103,191,178,4693,70,4,28
As Ks Kh 8s,0,3692,3873,792,46,994,576,27,0
Kc 7c 5c 4c,1075,2490,1086,198,344,4695,61,1,50
8s 7c 6s 6h,0,3553,3950,778,1098,84,514,21,2
As 8s 8c 6s,0,3703,3797,794,95,1059,519,30,3
As Qs Js 8d,2179,4237,1467,273,671,1071,63,3,36
Kc 7c 4c 3c,1199,2626,1102,192,168,4626,67,1,19
As Ah Kh Qs,0,4078,4020,798,389,169,512,34,0
8c 7c 6s 5c,1090,2598,1155,208,3782,1051,59,2,55
As Ks Qs 9c,2394,4420,1470,267,352,1028,41,1,27
As Ah Kh Kd,0,0,7473,0,33,89,2348,57,0
As Qs Js 0d,1517,3396,1374,239,2390,990,75,2,17
Kc 0c 7c 6d,2290,4348,1538,247,471,1040,64,2,0
As Ks Kh Qs,0,3473,3730,808,360,966,587,42,34
As Ks Kh Jd,0,4164,4039,777,394,87,514,25,0
8c 7c 6s 2d,2352,4446,1643,270,1126,81,76,3,3
0s 8s 8c 6s,0,3374,3877,758,404,994,538,27,28
8s 8c 7c 5s,0,3724,3938,820,753,190,546,26,3
Kc Jh 0c 4c,2226,4306,1453,232,683,1032,64,4,0
9c 8s 7c 6s,1263,2916,1253,210,4110,180,62,4,2
As Ks Qs Jh,1805,3527,1318,241,2010,1009,65,1,24
As Ks Qs 7d,2432,4291,1507,268,332,1091,50,1,28
As Qh Jh 8c,2595,4759,1518,246,742,81,56,2,1
Kc 8c 7c 4c,1168,2530,1134,182,235,4662,58,4,27
Ks Qs Js 5s,1112,2559,1083,192,335,4596,64,4,55
As Qc Jh 0d,1874,3748,1383,235,2694,0,62,4,0
Ks Kc 0c 4c,0,3692,3812,775,54,1043,592,31,1
Ah Ks Kh 7s,0,4280,4100,855,35,179,522,27,2
As Kd 0d 8c,2676,4868,1537,275,472,83,89,0,0
Kc Js 0c 7c,1967,4109,1525,281,949,1081,82,3,3
Ks Qs Qc Js,0,3209,3750,698,689,1031,546,28,49
As 0d 8c 6c,2796,4703,1584,274,491,76,75,1,0
Qc Jh 0d 8c,1779,3796,1362,268,2645,82,64,4,0
As Ks Qs Jc,1755,3534,1303,216,2050,1069,45,3,25
As Jh 8c 3s,2919,4954,1574,234,143,103,71,2,0
As Ah Kh 0h,0,3584,3741,705,358,1031,529,31,21
Ad 8s 7c 6s,2380,4478,1600,310,1072,94,63,3,0
As Ks Js 3d,2387,4418,1424,262,408,1011,65,0,25
Ks Qs Js 2c,2218,4187,1560,255,629,1022,69,5,55
Qh 8s 7c 6s,2370,4568,1526,265,1117,84,66,3,1
0c 8s 7c 6s,1747,3704,1360,232,2669,202,79,4,3
As Ah Kh 6s,0,4275,4152,814,41,185,506,26,1
As Ah 0d 8c,0,4218,4168,864,147,0,573,30,0
As Ah Ks 2c,0,4273,4120,853,68,95,565,26,0
As Kh 0d 8c,2846,4880,1483,262,447,0,75,7,0
As Qs Qh Js,0,3443,3793,801,357,1010,551,23,22
As Ah Ks 4h,0,4169,4174,819,78,206,530,24,0
As Qs Js 6h,2411,4339,1469,254,403,1021,69,2,32
As Js 0d 8c,2328,4619,1519,242,1121,97,71,3,0
As Jh 8c 4c,2934,4848,1589,259,203,112,52,3,0
As Ah Ks Qd,0,4073,4013,818,427,80,559,29,1
As Jh 0d 3c,2699,4934,1525,275,501,0,66,0,0
As Jh 8c 7c,2758,4778,1539,247,514,105,55,1,3
Ah Ks Kh 5h,0,3724,3831,802,63,1028,527,25,0
8s 8c 7c 4d,0,3953,4112,826,455,95,521,33,5
As Ah Kh 7c,0,4421,4095,815,39,97,511,22,0
As Jh 0d 9c,2430,4506,1572,292,1136,0,62,2,0
Ks Qs Js Jd,0,3274,3685,771,638,1023,528,30,51
Js Jh 0d 8c,0,3804,4040,773,830,0,525,28,0
8s 8c 6s 2c,0,4140,4114,859,137,209,509,30,2
0c 7h 7c 4c,0,3626,3825,781,102,1079,554,31,2
0s 8s 7c 6s,1559,3387,1353,221,2424,957,64,3,32
As Ks Qs 7h,2406,4316,1507,253,338,1072,70,1,37
Kc 8s 8c 6s,0,4137,4120,831,121,228,529,34,0
Kd 8c 7c 6s,2309,4547,1564,274,1116,118,64,3,5
As Ah Kh 9h,0,3727,3764,827,34,1040,571,36,1
As Ks Kh Js,0,3483,3745,788,354,1032,530,43,25
As Qs Js 8s,1102,2540,1136,171,379,4556,68,1,47
As Kh Qs Js,1720,3520,1335,249,2065,1020,59,1,31
8c 7c 6s 2c,2051,4185,1517,252,892,1022,77,3,1
0s 8c 7c 6s,1830,3629,1372,225,2705,174,58,3,4
As Ks Js 8c,2452,4319,1494,261,367,1025,56,2,24
As Ah Kh Jd,0,4080,4051,794,397,100,545,33,0
As Ks Jh 8c,2746,4813,1580,261,433,89,77,0,1
As Ks Kh 5s,0,3662,3896,777,62,1042,529,30,2
Ah Ks Kh 2s,0,4205,4142,836,58,202,526,31,0
8s 8c 7c 4h,0,4089,4055,763,441,82,541,26,3
Kc 7c 4c 3h,2311,4520,1435,265,373,1031,64,0,1
8s 8c 7c 6c,0,3055,3656,711,944,972,544,27,91
Ks Qs Js 7c,2268,4223,1468,255,648,1022,59,3,54
Kc 7c 4c 2c,1264,2651,1062,193,43,4711,71,1,4
8s 7d 7c 6s,0,3514,3948,765,1101,107,526,37,2
0s 0c 7c 4c,0,3588,3876,775,126,1046,563,22,4
Ah Ks Kh 0c,0,4076,4036,833,367,97,564,26,1
As Ah Ks Qs,0,3443,3855,776,336,968,570,32,20
As Kc 7c 4c,2423,4542,1482,260,125,1112,54,1,1
As Jh 0d 0c,0,4005,4110,816,489,0,555,25,0
Jc 8c 7c 6s,2023,4141,1492,261,909,1068,77,4,25
As Ah Ac Ks,0,0,0,5966,33,102,3300,599,0
Kc 0c 7s 7c,0,3669,3858,733,116,1087,509,24,4
As Ks Js Jc,0,3428,3816,769,343,1043,547,24,30
Ks Qs Js 9h,1774,3526,1393,192,2015,995,57,2,46
9d 8s 7c 6s,1286,2909,1195,216,4228,106,54,5,1
Ah Ks Kh 7d,0,4250,4198,850,44,81,542,35,0
As Jh 0d 2h,2770,4678,1592,264,517,105,74,0,0
As Ks Kh 2c,0,4322,4124,824,87,89,522,32,0
As Ah Kh Qd,0,4072,4018,812,433,102,534,29,0
As Ks Kh 6c,0,4328,4178,859,39,79,490,27,0
8s 8c 6s 4h,0,4011,4074,804,455,82,550,24,0
As Qs Js 8h,2225,4263,1533,243,632,1012,60,0,32
As Ad Ks Kh,0,0,7566,0,31,85,2285,33,0
Kc 0c 6s 4c,2493,4502,1441,279,171,1043,67,3,1
Ks Qs Js 4d,2226,4314,1451,239,660,998,71,2,39
Kc 9s 7c 4c,2471,4474,1497,271,153,1066,65,3,0
Kh Jh 0d 8c,2403,4492,1534,310,1112,85,60,3,1
As 0c 7c 4c,2412,4519,1456,266,194,1086,60,4,3
As Ks Js 4s,1234,2553,1074,172,195,4663,67,3,39
Ks Qs Qd Js,0,3275,3703,723,656,1006,545,32,60
Qs 8c 7c 6s,2259,4560,1506,297,1111,206,57,3,1
Kc 0c 7c 4c,1204,2622,1098,196,111,4700,64,2,3
As Qs Js 2h,2368,4306,1506,266,411,1047,74,0,22
8s 7c 6s 5d,1297,2912,1198,201,4218,106,65,2,1
As 0d 8c 5c,2823,4946,1596,280,206,86,61,1,1
9c 8s 8c 6s,0,3702,3967,826,774,183,521,21,6
Kc 0d 0c 7c,0,3609,3822,791,131,1099,520,23,5
As Ks Js 0s,903,1995,989,195,1167,4047,57,3,644
Kc Jd 0c 7c,2057,4107,1497,266,937,1074,59,1,2
Ah Ks Kh Qs,0,4018,3972,830,402,204,539,35,0
As Jh 8c 6d,2877,5089,1529,248,197,0,57,3,0
8c 7h 7c 6s,0,3548,3834,771,1196,91,532,25,3
0d 8s 7c 6s,1840,3661,1384,269,2696,98,50,2,0
As 8c 7c 6s,2347,4434,1553,311,1100,183,65,2,5
As Ks Qs Js,868,2017,984,169,1145,4071,72,1,673
Jh 0d 8c 4c,2539,4707,1543,270,780,99,60,2,0
As Jh 8c 4d,2873,5069,1522,277,194,0,63,2,0
As Ah Kh 8s,0,4242,4095,848,51,198,534,32,0
As Ah Ks 3d,0,4244,4163,828,74,94,573,23,1
0c 7c 4s 4c,0,3660,3753,803,120,1071,563,26,4
As Qs Js 9c,2185,4288,1506,248,668,1030,44,3,28
8s 7c 6s 6c,0,3530,3863,800,1085,176,515,28,3
As Ah Ks 3c,0,4230,4199,846,72,74,553,24,2
As Ah Kh 4h,0,3642,3945,774,52,1052,506,28,1
As Ah Kh 3d,0,4205,4222,832,64,82,566,29,0
Jh 0d 8c 4h,2538,4680,1537,252,808,111,72,2,0
As Ah Kh Qh,0,3565,3755,720,337,1009,554,32,28
Ac Ks Qs Js,1800,3417,1295,243,2148,956,75,2,64
0h 0c 7c 4c,0,3583,3892,788,122,1082,505,24,4
As Qs Js Jc,0,3483,3673,794,381,1082,536,28,23
Jh 0d 8d 8c,0,3781,4008,793,765,81,541,27,4
As Ks Kd Qs,0,3513,3755,749,345,1002,577,34,25
Kc 0c 9c 7c,1014,2382,1126,223,496,4615,74,0,70
As Ks Qs 9s,1201,2598,1108,190,199,4613,52,5,34
Ah Ad Ks Kh,0,0,7535,0,31,101,2284,48,1
As 0d 8c 7c,2567,4685,1587,250,765,87,54,2,3
As Jh 0d 5c,2786,4785,1525,289,557,0,56,2,0
Qh 0c 7c 4c,2443,4507,1500,283,203,1001,61,0,2
As Ks Qc Js,1757,3431,1332,234,2082,1073,64,4,23
Ah Ks Kh Qc,0,4124,4042,788,402,85,522,37,0
8s 8c 6s 3h,0,4155,4135,879,153,89,549,38,2
As Js Jh 8c,0,4271,4147,847,113,94,508,19,1
Jh 0d 8c 5d,2507,4695,1535,255,832,112,59,5,0
8s 8c 6s 2s,0,3667,3849,763,128,991,559,40,3
As Jh 0d 6s,2685,4833,1580,281,451,101,69,0,0
Ah Ks Kh Jh,0,3521,3756,772,331,1022,537,31,30
Ah Ks Kh Js,0,3960,4091,832,362,188,529,38,0
As 0d 8c 2s,2945,4908,1548,266,197,77,56,3,0
Kc Qh 0c 7c,2260,4175,1460,256,692,1088,62,4,3
0d 8c 7c 6s,1844,3750,1392,246,2621,94,51,1,1
Ks Qs Js 2h,2312,4147,1508,243,670,988,61,3,68
As Ks Qs 5s,1212,2500,1089,202,185,4725,61,2,24
As Ah Ks Jd,0,4093,4081,731,427,87,547,33,1
As 8s 8c 7c,0,4173,4106,841,143,181,522,34,0
As Jh 0c 8c,2419,4521,1522,266,1116,89,64,1,2
As Ac Ks Qs,0,3478,3695,796,344,1083,550,29,25
As Jh Jd 8c,0,4286,4160,836,114,0,567,37,0
Ks Qs Js 6s,1060,2463,1107,223,359,4679,61,4,44
Kc 7c 6h 4c,2201,4267,1482,251,686,1057,53,3,0
As Qc 0d 8c,2501,4776,1507,281,787,83,61,4,0
As 0d 8c 5s,2874,4917,1567,282,197,107,52,4,0
As Ks Qs 8d,2352,4347,1540,236,354,1087,62,2,20
As Qs Js 7c,2405,4357,1469,273,353,1051,67,3,22
As Ah Kh 7h,0,3693,3911,761,32,1044,521,38,0
As Ah Ks Js,0,3456,3775,812,351,1020,526,33,27
0c 7c 4c 2s,2425,4525,1530,271,162,1012,72,2,1
Qc 8s 8c 6s,0,4190,4114,853,136,166,512,26,3
As Ks Qs 5c,2367,4384,1474,262,406,1018,58,1,30
Ah Ks Kh 8d,0,4335,4155,806,29,100,552,22,1
As Jh 8c 6s,2973,4865,1541,280,196,91,52,2,0
8s 7c 6s 4s,1583,3446,1290,252,2338,996,60,5,30
Kc 0c 7c 6h,2241,4378,1536,255,457,1072,58,2,1
Kc 0c 7c 6s,2346,4374,1455,260,480,1022,59,1,3
8s 8c 6s 3d,0,4225,4147,829,171,102,505,19,2
As Ks Js 6d,2377,4313,1535,239,330,1101,72,1,32
As 0d 8c 4h,2827,5046,1580,275,213,0,58,1,0
Ad Jh 0d 8c,2383,4563,1580,261,1058,86,66,3,0
Ks Qs Js 4s,1091,2442,1148,208,339,4661,58,2,51
8s 8c 7c 5h,0,3809,4013,808,741,86,507,34,2
Jh 0d 8c 7h,1967,3867,1407,238,2361,98,62,0,0
As Jh 8c 2h,2957,4897,1542,270,146,99,87,2,0
0c 7c 6d 4c,2067,4077,1562,278,945,1007,60,1,3
As Ah Ks 5s,0,3746,3750,777,56,1116,522,32,1
0h 8s 7c 6s,1771,3817,1338,215,2690,109,58,2,0
As Ah Kh Jc,0,4146,3969,833,400,94,532,26,0
Kc 0c 5c 4c,1274,2576,1082,185,99,4713,61,2,8
8s 7c 6s 4d,1802,3713,1403,252,2651,118,60,0,1
As Jh 0d 7c,2605,4702,1514,286,824,0,69,0,0
As Ks Js Jh,0,3547,3712,768,327,1027,572,24,23
As Ks Js 9d,2343,4399,1508,249,390,1015,68,1,27
Qs Jh 0d 8c,1872,3727,1409,249,2672,0,68,3,0
Kc 0c 8h 7c,2178,4242,1444,247,671,1141,69,6,2
As Qs Js 6d,2318,4439,1472,262,368,1054,62,2,23
As Jh 8c 4s,2840,4937,1595,271,195,102,56,4,0
Kc 0d 0c 4c,0,3656,3819,806,64,1093,537,25,0
As Jh 9s 8c,2589,4629,1583,259,774,102,57,7,0
Kh 8s 7c 6s,2373,4506,1598,261,1092,99,67,1,3
8c 7c 6s 6h,0,3581,3930,738,1055,110,554,31,1
Kc Jc 0c 4c,1050,2450,1137,180,358,4717,54,1,53
8s 7c 6s 5s,1073,2702,1092,216,3794,1011,62,3,47
As Ks Kh Qc,0,4039,4091,801,392,95,553,29,0
8s 8c 6s 6h,0,0,7404,0,125,82,2336,53,0
Kc 0h 0c 4c,0,3564,3982,772,54,1069,539,20,0
As 0d 8c 3s,2912,4939,1526,257,197,102,65,2,0
As Ah Kh 6d,0,4307,4121,845,43,91,565,28,0
As Qs Js Jd,0,3504,3772,742,377,1016,529,26,34
As Ks Js 2h,2298,4401,1537,253,380,1040,61,1,29
Kc 0c 8s 4c,2508,4506,1466,242,157,1062,55,1,3
Kc Js 7c 4c,2500,4477,1514,241,160,1040,65,1,2
Kc Qc 7c 4c,1229,2594,1094,209,64,4743,63,1,3
Kc 0c 5s 4c,2405,4470,1544,282,191,1049,58,0,1
Kc 0c 7d 4c,2416,4510,1487,270,165,1077,67,3,5
8s 8c 7c 3c,0,3726,3770,788,124,1074,492,25,1
As Jh 0d 4c,2733,4855,1570,267,510,0,64,1,0
As Ks Kh 9d,0,4205,4190,894,32,94,546,36,3
As Ks Kh 2h,0,4212,4129,837,59,194,526,42,1
Kc 0c 7c 4h,2417,4487,1486,253,180,1120,53,2,2
As Jh 0d 8c,2324,4568,1587,287,1176,0,56,2,0
0c 7c 4h 4c,0,3621,3925,812,111,983,515,31,2
Ah 8c 7c 6s,2344,4578,1590,244,1094,81,67,0,2
Ah Ks Kh Kd,0,0,0,5914,44,84,3351,607,0
Kh 8s 8c 7c,0,4206,4147,823,147,102,534,38,3
8s 8h 7c 6s,0,3520,3891,795,1115,95,561,23,0
8s 8c 7c 3s,0,4168,4110,850,139,193,520,17,3
As Jd 0d 8c,2422,4524,1536,253,1099,96,64,5,1
8c 7c 6s 5h,1321,2906,1192,236,4176,100,65,4,0
As Ks Js 6h,2419,4351,1519,254,333,1027,78,3,16
As 0d 8c 7h,2563,4725,1534,270,855,0,50,3,0
As Qh 0d 8c,2602,4715,1564,251,810,0,58,0,0
As Kd Jh 0d,2002,3911,1372,223,2331,87,71,2,1
9d 8s 8c 7c,0,3512,3922,762,1083,112,571,36,2
As Qs Js 0c,1548,3343,1367,231,2395,1025,56,3,32
As Ks Qs 0d,1765,3492,1272,213,2148,1020,63,3,24
Kc 7c 4c 2d,2466,4544,1500,282,92,1055,57,1,3
As Qh Jh 0d,1790,3774,1383,261,2635,96,58,1,2
As Ah Ks 2s,0,3593,3927,792,64,1038,558,27,1
Ah Ks Kh 2c,0,4293,4156,827,68,93,547,15,1
As Ks Kh 9s,0,3782,3770,777,29,1073,542,26,1
0c 7c 5d 4c,2207,4232,1531,245,724,998,58,2,3
Ks Kd Qs Js,0,3285,3739,753,638,945,554,34,52
As Ks Kh 8h,0,4228,4204,796,32,168,534,38,0
Kc 0c 7c 2h,2390,4576,1509,270,110,1076,64,2,3
As Ks Js Jd,0,3405,3811,799,324,1073,523,28,37
Ks Qs Js 6d,2271,4186,1479,266,662,1038,63,4,31
0c 7c 5s 4c,2103,4418,1401,240,695,1063,74,4,2
As Ah Kh Js,0,4058,4003,829,370,173,541,24,2
As Ks Qs 7c,2415,4333,1487,306,338,1043,51,1,26
As Ah Ks 9h,0,4273,4123,853,34,184,501,32,0
0d 8s 8c 7c,0,3822,3954,799,790,78,522,32,3
Kc 0s 7c 4c,2416,4552,1463,260,187,1054,63,2,3
Kc Qs 0c 7c,2207,4222,1509,278,653,1061,62,1,7
0c 7c 4d 4c,0,3687,3810,780,132,1041,529,20,1
As Ks Kh 4h,0,4240,4108,824,70,194,537,27,0
8c 7c 6s 5s,1182,2860,1230,226,4179,245,73,0,5
0c 9s 7c 4c,2164,4191,1501,280,715,1082,62,3,2
As Ah Ks Qh,0,4119,4006,774,397,182,494,28,0
Kc 0c 9c 4c,1143,2592,1062,201,214,4702,58,1,27
As Ks Js 6s,1207,2576,1073,183,170,4718,49,3,21
Ah Ks Kh 3h,0,3760,3842,735,74,986,574,26,3
8d 8c 7c 6s,0,3549,3918,761,1106,95,540,27,4
Kd 0c 7c 4c,2443,4436,1507,277,201,1059,70,5,2
Kc 0c 7c 4d,2466,4490,1397,280,206,1095,61,1,4
,1693,4418,2373,479,463,320,229,22,3
