,match,Day,Month,Year
9,0,10,4,1971
84,0,18,5,1971
2,0,8,7,1971
53,0,11,7,1971
28,0,12,9,1971
474,0,1,1,1972
153,0,13,1,1972
13,0,26,1,1972
129,0,6,5,1972
98,0,13,5,1972
111,0,10,6,1972
225,0,15,6,1972
31,0,20,7,1972
171,0,4,10,1972
191,0,30,11,1972
486,0,1,1,1973
335,0,1,2,1973
415,0,1,2,1973
36,0,14,2,1973
323,0,1,3,1973
405,0,1,3,1973
422,0,1,4,1973
375,0,1,6,1973
380,0,1,7,1973
345,0,1,10,1973
57,0,1,12,1973
481,0,1,1,1974
436,0,1,2,1974
104,0,24,2,1974
299,0,1,3,1974
162,0,5,3,1974
154,0,6,3,1974
402,0,1,4,1974
95,0,11,4,1974
73,0,12,4,1974
108,0,4,5,1974
156,0,26,5,1974
332,0,1,6,1974
182,0,13,6,1974
82,0,7,7,1974
351,0,1,8,1974
278,0,1,9,1974
214,0,10,9,1974
155,0,10,10,1974
223,0,14,10,1974
473,0,1,1,1975
49,0,28,2,1975
317,0,1,3,1975
11,0,9,4,1975
319,0,1,7,1975
40,0,29,7,1975
418,0,1,8,1975
165,0,18,8,1975
370,0,1,9,1975
382,0,1,9,1975
3,0,27,9,1975
50,0,22,11,1975
363,0,1,12,1975
219,0,14,12,1975
465,0,1,1,1976
237,0,1,2,1976
23,0,11,2,1976
342,0,1,3,1976
204,0,10,3,1976
258,0,1,4,1976
315,0,1,6,1976
27,0,2,9,1976
93,0,20,9,1976
17,0,13,10,1976
303,0,1,1,1977
488,0,1,1,1977
283,0,1,2,1977
395,0,1,2,1977
309,0,1,4,1977
419,0,1,5,1977
123,0,4,5,1977
19,0,21,5,1977
117,0,20,6,1977
232,0,1,7,1977
72,0,11,7,1977
189,0,21,10,1977
318,0,1,1,1978
369,0,1,1,1978
493,0,1,1,1978
239,0,1,2,1978
148,0,2,2,1978
105,0,3,2,1978
336,0,1,3,1978
6,0,18,5,1978
200,0,26,7,1978
81,0,4,8,1978
65,0,11,8,1978
434,0,1,10,1978
164,0,21,10,1978
313,0,1,12,1978
378,0,1,12,1978
495,0,1,1,1979
424,0,1,4,1979
398,0,1,5,1979
5,0,6,7,1979
254,0,1,8,1979
296,0,1,8,1979
75,0,6,9,1979
167,0,1,10,1979
21,0,21,10,1979
259,0,1,11,1979
499,0,1,1,1980
347,0,1,3,1980
150,0,12,3,1980
78,0,22,4,1980
340,0,1,5,1980
441,0,1,9,1980
267,0,1,10,1980
361,0,1,10,1980
221,0,18,10,1980
466,0,1,1,1981
134,0,14,1,1981
39,0,14,1,1981
197,0,18,2,1981
355,0,1,3,1981
430,0,1,6,1981
80,0,29,6,1981
246,0,1,7,1981
444,0,1,7,1981
85,0,9,8,1981
215,0,14,8,1981
263,0,1,9,1981
74,0,19,9,1981
403,0,1,10,1981
458,0,1,1,1982
16,0,12,4,1982
25,0,13,4,1982
127,0,26,5,1982
454,0,1,7,1982
70,0,4,7,1982
44,0,16,8,1982
59,0,20,8,1982
103,0,22,9,1982
112,0,16,10,1982
429,0,1,11,1982
88,0,8,12,1982
179,0,10,12,1982
358,0,1,1,1983
470,0,1,1,1983
205,0,27,1,1983
294,0,1,2,1983
397,0,1,2,1983
137,0,10,2,1983
295,0,1,3,1983
35,0,15,3,1983
438,0,1,4,1983
247,0,1,5,1983
209,0,25,7,1983
61,0,6,8,1983
107,0,22,8,1983
285,0,1,9,1983
175,0,21,10,1983
99,0,14,11,1983
455,0,1,1,1984
24,0,25,7,1984
275,0,1,9,1984
421,0,1,9,1984
48,0,17,9,1984
426,0,1,11,1984
489,0,1,1,1985
136,0,11,2,1985
30,0,31,3,1985
274,0,1,4,1985
10,0,11,5,1985
178,0,15,6,1985
1,0,18,6,1985
280,0,1,7,1985
447,0,1,7,1985
185,0,17,8,1985
228,0,1,9,1985
135,0,10,10,1985
69,0,3,11,1985
492,0,1,1,1986
199,0,24,1,1986
352,0,1,3,1986
8,0,7,3,1986
276,0,1,4,1986
230,0,1,5,1986
334,0,1,7,1986
96,0,18,7,1986
38,0,27,7,1986
368,0,1,8,1986
261,0,1,10,1986
404,0,1,10,1986
168,0,13,10,1986
29,0,24,10,1986
437,0,1,11,1986
423,0,1,12,1986
54,0,26,12,1986
284,0,1,1,1987
485,0,1,1,1987
68,0,21,1,1987
32,0,12,4,1987
349,0,1,5,1987
41,0,24,6,1987
63,0,28,6,1987
416,0,1,7,1987
55,0,11,10,1987
130,0,25,10,1987
116,0,4,12,1987
76,0,5,12,1987
462,0,1,1,1988
330,0,1,4,1988
37,0,24,5,1988
256,0,1,8,1988
390,0,1,8,1988
216,0,11,11,1988
174,0,4,12,1988
180,0,9,12,1988
476,0,1,1,1989
312,0,1,2,1989
265,0,1,4,1989
115,0,5,4,1989
71,0,13,4,1989
218,0,14,5,1989
202,0,15,5,1989
440,0,1,6,1989
385,0,1,7,1989
373,0,1,8,1989
210,0,11,8,1989
89,0,26,8,1989
149,0,9,9,1989
26,0,22,9,1989
7,0,24,10,1989
435,0,1,12,1989
482,0,1,1,1990
177,0,18,1,1990
157,0,10,2,1990
412,0,1,3,1990
22,0,3,3,1990
194,0,11,4,1990
14,0,24,5,1990
151,0,22,6,1990
233,0,1,7,1990
206,0,23,10,1990
245,0,1,11,1990
122,0,5,11,1990
94,0,8,12,1990
461,0,1,1,1991
226,0,7,1,1991
97,0,31,3,1991
91,0,19,4,1991
51,0,24,5,1991
33,0,20,6,1991
453,0,1,7,1991
67,0,6,7,1991
46,0,15,7,1991
322,0,1,10,1991
66,0,29,10,1991
399,0,1,1,1992
487,0,1,1,1992
138,0,5,2,1992
62,0,22,2,1992
211,0,17,4,1992
52,0,13,6,1992
269,0,1,7,1992
119,0,17,7,1992
100,0,16,8,1992
442,0,1,9,1992
310,0,1,10,1992
143,0,14,10,1992
301,0,1,12,1992
113,0,15,12,1992
298,0,1,1,1993
478,0,1,1,1993
272,0,1,2,1993
354,0,1,3,1993
0,0,25,3,1993
249,0,1,4,1993
192,0,6,5,1993
86,0,5,6,1993
172,0,23,8,1993
357,0,1,10,1993
331,0,1,12,1993
300,0,1,1,1994
450,0,1,1,1994
477,0,1,1,1994
163,0,29,1,1994
308,0,1,2,1994
196,0,18,2,1994
47,0,12,6,1994
133,0,28,6,1994
359,0,1,7,1994
64,0,29,7,1994
42,0,14,8,1994
409,0,1,10,1994
406,0,1,12,1994
238,0,1,1,1995
483,0,1,1,1995
193,0,18,1,1995
311,0,1,2,1995
140,0,14,2,1995
388,0,1,3,1995
56,0,14,3,1995
236,0,1,5,1995
372,0,1,5,1995
110,0,17,6,1995
248,0,1,7,1995
60,0,24,7,1995
181,0,18,8,1995
203,0,6,9,1995
326,0,1,10,1995
90,0,13,10,1995
169,0,21,10,1995
292,0,1,11,1995
479,0,1,1,1996
142,0,22,1,1996
4,0,6,2,1996
124,0,27,2,1996
324,0,1,10,1996
121,0,2,10,1996
131,0,14,10,1996
166,0,11,11,1996
468,0,1,1,1997
365,0,1,7,1997
213,0,11,7,1997
87,0,9,8,1997
353,0,1,10,1997
101,0,5,10,1997
333,0,1,11,1997
114,0,8,12,1997
459,0,1,1,1998
45,0,15,2,1998
338,0,1,4,1998
18,0,24,4,1998
222,0,15,5,1998
343,0,1,6,1998
20,0,21,7,1998
224,0,25,7,1998
12,0,1,8,1998
79,0,4,10,1998
387,0,1,11,1998
251,0,1,12,1998
120,0,22,12,1998
471,0,1,1,1999
77,0,5,1,1999
376,0,1,2,1999
327,0,1,4,1999
432,0,1,4,1999
384,0,1,5,1999
321,0,1,6,1999
212,0,24,7,1999
407,0,1,8,1999
266,0,1,9,1999
145,0,18,10,1999
201,0,23,12,1999
456,0,1,1,2000
260,0,1,2,2000
305,0,1,2,2000
329,0,1,3,2000
420,0,1,3,2000
392,0,1,5,2000
417,0,1,8,2000
190,0,10,8,2000
158,0,23,8,2000
443,0,1,9,2000
83,0,14,9,2000
374,0,1,11,2000
457,0,1,1,2001
125,0,24,1,2001
328,0,1,5,2001
159,0,26,5,2001
195,0,30,5,2001
147,0,30,5,2001
377,0,1,6,2001
367,0,1,9,2001
394,0,1,10,2001
494,0,1,1,2002
304,0,1,3,2002
446,0,1,4,2002
43,0,13,4,2002
262,0,1,6,2002
128,0,28,6,2002
102,0,18,7,2002
449,0,1,8,2002
184,0,11,11,2002
469,0,1,1,2003
452,0,1,3,2003
234,0,1,7,2003
362,0,1,8,2003
356,0,1,9,2003
144,0,6,10,2003
291,0,1,1,2004
484,0,1,1,2004
188,0,12,3,2004
414,0,1,4,2004
92,0,8,4,2004
241,0,1,5,2004
306,0,1,5,2004
350,0,1,5,2004
425,0,1,7,2004
281,0,1,8,2004
207,0,12,8,2004
126,0,10,9,2004
302,0,1,11,2004
146,0,11,11,2004
451,0,1,12,2004
498,0,1,1,2005
339,0,1,3,2005
250,0,1,5,2005
344,0,1,6,2005
346,0,1,9,2005
348,0,1,12,2005
496,0,1,1,2006
106,0,11,2,2006
118,0,27,4,2006
270,0,1,5,2006
433,0,1,5,2006
307,0,1,7,2006
173,0,18,10,2006
252,0,1,1,2007
314,0,1,1,2007
410,0,1,1,2007
490,0,1,1,2007
277,0,1,4,2007
391,0,1,4,2007
264,0,1,6,2007
325,0,1,6,2007
289,0,1,9,2007
160,0,21,10,2007
341,0,1,11,2007
132,0,30,11,2007
337,0,1,12,2007
428,0,1,12,2007
445,0,1,1,2008
497,0,1,1,2008
187,0,14,1,2008
183,0,26,5,2008
271,0,1,8,2008
396,0,1,8,2008
293,0,1,9,2008
400,0,1,11,2008
360,0,1,12,2008
297,0,1,1,2009
371,0,1,1,2009
491,0,1,1,2009
389,0,1,2,2009
386,0,1,7,2009
288,0,1,8,2009
379,0,1,8,2009
268,0,1,12,2009
472,0,1,1,2010
273,0,1,2,2010
287,0,1,3,2010
448,0,1,5,2010
176,0,26,5,2010
411,0,1,8,2010
408,0,1,10,2010
242,0,1,11,2010
364,0,1,11,2010
58,0,5,12,2010
467,0,1,1,2011
170,0,24,1,2011
15,0,25,1,2011
240,0,1,5,2011
316,0,1,5,2011
229,0,1,6,2011
217,0,13,6,2011
109,0,20,7,2011
227,0,15,9,2011
290,0,1,12,2011
460,0,1,1,2012
393,0,1,4,2012
282,0,1,5,2012
34,0,12,5,2012
220,0,25,6,2012
208,0,1,9,2012
243,0,1,9,2012
139,0,21,10,2012
320,0,1,11,2012
383,0,1,12,2012
244,0,1,1,2013
286,0,1,1,2013
480,0,1,1,2013
431,0,1,4,2013
279,0,1,9,2013
198,0,11,10,2013
381,0,1,1,2014
463,0,1,1,2014
366,0,1,7,2014
255,0,1,10,2014
439,0,1,10,2014
401,0,1,12,2014
475,0,1,1,2015
257,0,1,9,2015
152,0,28,9,2015
235,0,1,10,2015
464,0,1,1,2016
253,0,1,2,2016
231,0,1,5,2016
427,0,1,5,2016
141,0,30,5,2016
186,0,13,10,2016
161,0,19,10,2016
413,0,1,11,2016
